time,temp_avg,temp_min,temp_max,precipitation,wind_speed,pressure,humidity
2021-01-03 00:00:00,25.3,21.1,27.2,0.2,8.5,1011.9,
2021-01-04 00:00:00,26.4,21.4,28.4,0.3,9.3,1012.1,
2021-01-05 00:00:00,24.1,22.1,30.3,2,7.3,1012.7,
2021-01-06 00:00:00,24.6,22.3,26.4,14,5.9,1011.9,
2021-01-07 00:00:00,25.2,21.8,26.5,32,6.7,1010.5,
2021-01-08 00:00:00,24.1,21.4,28,6.8,6.2,1010.1,
2021-01-09 00:00:00,26.2,21.8,28.2,2.4,7.3,1010.7,
2021-01-10 00:00:00,26.5,21.9,28.3,1.5,7.4,1011.1,
2021-01-11 00:00:00,27.1,22.6,28.5,7,7.6,1012,
2021-01-12 00:00:00,25.6,21.3,29.6,0,9.9,1012.1,
2021-01-13 00:00:00,26.6,20.2,28.8,0,9.5,1012.1,
2021-01-14 00:00:00,26.1,20,29.4,3.3,8,1012.1,
2021-01-15 00:00:00,26.8,20.6,29.2,0,6.6,1011.7,
2021-01-16 00:00:00,26.8,19.1,29.9,0,5.6,1011.1,
2021-01-17 00:00:00,26.7,20.5,29.9,0,5.2,1012.3,
2021-01-18 00:00:00,26.4,18.1,29.3,0,7.4,1013.1,
2021-01-19 00:00:00,26.3,18.8,29.6,0,6.6,1012.7,
2021-01-20 00:00:00,27.4,20.6,30.4,0,6.3,1012.9,
2021-01-21 00:00:00,24.4,19.8,30.8,0.1,5.5,1012.4,
2021-01-22 00:00:00,28.5,23.5,31.6,0.1,4.7,1012.2,
2021-01-23 00:00:00,27.8,21.2,31.6,0.1,4.5,1012.9,
2021-01-24 00:00:00,27.5,19.9,31,0,4.8,1013.3,
2021-01-25 00:00:00,26.3,19.2,31.3,0,4.5,1013.9,
2021-01-26 00:00:00,27.4,18.4,30.9,0,6,1013.3,
2021-01-27 00:00:00,26.1,17.7,31.2,0,6.4,1013.7,
2021-01-28 00:00:00,26.3,18,30,0,7.6,1014,
2021-01-29 00:00:00,27.2,20.6,30.2,0,7.4,1014.2,
2021-01-30 00:00:00,27.8,19.6,31.1,0,6.7,1013.5,
2021-01-31 00:00:00,27.5,20.8,31.2,0,6.6,1014,
2021-02-01 00:00:00,27.3,20.2,31,0,8.3,1015.7,
2021-02-02 00:00:00,27.3,20.3,31.2,0,8.1,1015.9,
2021-02-03 00:00:00,27.5,22,30.5,0,7.9,1015.2,
2021-02-04 00:00:00,26.5,17.7,31,0,7.1,1015.3,
2021-02-05 00:00:00,26.2,17.1,30.5,0,7.1,1014.3,
2021-02-06 00:00:00,27.2,17.2,31.2,0,6.9,1013.2,
2021-02-07 00:00:00,27.1,16.4,31.6,0,8.7,1013.6,
2021-02-08 00:00:00,26.4,16.1,32.2,0,8.7,1014.8,
2021-02-09 00:00:00,22.9,18,29,0.1,8.2,1014,
2021-02-10 00:00:00,22.2,15.8,31,0,6.6,1013,
2021-02-11 00:00:00,22.1,16.1,29.2,0,6.4,1012.8,
2021-02-12 00:00:00,22,14.8,29.3,0,7,1013.4,
2021-02-13 00:00:00,22.6,15.6,29.6,0,6.5,1014.1,
2021-02-14 00:00:00,27.6,19.2,31.8,0,6,1013.6,
2021-02-15 00:00:00,28.2,18.4,33.2,0,6.4,1012.3,
2021-02-16 00:00:00,27.8,18.4,33.5,0,5.7,1012.2,
2021-02-17 00:00:00,27.5,18.9,33,0,5.8,1012,
2021-02-18 00:00:00,27.7,19.7,31.9,0,7.1,1013.2,
2021-02-19 00:00:00,23.9,19.6,32.2,2.7,8.2,1013.9,
2021-02-20 00:00:00,23.4,20.6,28.6,6.9,7.7,1013.7,
2021-02-21 00:00:00,22.7,20.9,26.3,10.5,7.7,1014.5,
2021-02-22 00:00:00,28,20.9,30.6,4.1,6.5,1014.5,
2021-02-23 00:00:00,29.7,20.9,34,0,6,1013,
2021-02-24 00:00:00,29.5,20.7,34.2,0,5.1,1012.3,
2021-02-25 00:00:00,29.4,18.6,34.2,0,5,1012,
2021-02-26 00:00:00,30.6,18.7,35.6,0,5.4,1010.3,
2021-02-27 00:00:00,31.1,19.1,36.8,0,6.1,1009.2,
2021-02-28 00:00:00,30.8,18.6,36.9,0,6.8,1010.2,
2021-03-01 00:00:00,30.8,18.1,36.8,0,6.7,1012.8,
2021-03-02 00:00:00,29.5,18.1,37.1,0,6.6,1013.1,
2021-03-03 00:00:00,30.2,18.3,35.2,0,7.2,1012.2,
2021-03-04 00:00:00,28.7,17.1,36.1,0,7.1,1012.8,
2021-03-05 00:00:00,29.1,18.6,33.6,0,6.4,1013.6,
2021-03-06 00:00:00,30.8,19.6,35.8,0,6,1013.1,
2021-03-07 00:00:00,30.9,19.8,35.9,0,6.3,1012.3,
2021-03-08 00:00:00,30.4,20.8,36.1,0,6.3,1013,
2021-03-09 00:00:00,30.6,23,35.4,0,6.7,1013.5,
2021-03-10 00:00:00,30.6,22.6,34.9,0.1,7.2,1013.2,
2021-03-11 00:00:00,31.1,22.8,34.8,0,7.1,1013.3,
2021-03-12 00:00:00,25.9,19.3,34.6,0,6.1,1014.2,
2021-03-13 00:00:00,25.7,17.9,35,0,6.8,1013.7,
2021-03-14 00:00:00,26,17.7,35.4,0,6.7,1012.3,
2021-03-15 00:00:00,26.9,18,37.2,0,6.7,1011.2,
2021-03-16 00:00:00,31.6,20.2,37.6,0,6.4,1011.1,
2021-03-17 00:00:00,30.6,21.1,36.9,0,8.1,1010.4,
2021-03-18 00:00:00,30.7,21,35.3,0,7.1,1010.9,
2021-03-19 00:00:00,30.7,21.6,35.1,0,6.2,1010.6,
2021-03-20 00:00:00,26.5,17.5,35.6,0,6.6,1009.3,
2021-03-21 00:00:00,32.2,22.1,36.2,0,6.3,1009.1,
2021-03-22 00:00:00,31.7,22.2,36.1,0,6.1,1010.6,
2021-03-23 00:00:00,31.7,23.1,36.4,0,6.3,1011.5,
2021-03-24 00:00:00,27.5,20.4,37,0,6.3,1011.4,
2021-03-25 00:00:00,28.4,20.7,37.2,0,6.8,1010.2,
2021-03-26 00:00:00,32.3,22.6,37.6,0,6.3,1009.7,
2021-03-27 00:00:00,32.7,23.9,37.3,0,6.9,1009.3,
2021-03-28 00:00:00,28.4,20.5,36.8,0,6.9,1008.7,
2021-03-29 00:00:00,33.3,24,37.5,0,7.4,1008.3,
2021-03-30 00:00:00,30.4,22.4,41,0,6.1,1006.6,
2021-03-31 00:00:00,35.9,23.7,41.3,0,7.5,1004.4,
2021-04-01 00:00:00,32.9,25,42.6,0,7.8,1004,
2021-04-02 00:00:00,32.9,27.1,43.2,0,10.1,1004.7,
2021-04-03 00:00:00,37.4,26.2,43.4,0,8,1005.5,
2021-04-04 00:00:00,34.9,27,42.5,0,7.3,1007,
2021-04-05 00:00:00,34.2,27.6,38.6,0,6.9,1008.8,
2021-04-06 00:00:00,32.7,25.7,37.7,0,6.9,1010.3,
2021-04-07 00:00:00,28.7,22.3,36.8,0,8.4,1010.8,
2021-04-08 00:00:00,28.6,21.8,37.2,0,8.2,1009.1,
2021-04-09 00:00:00,32.7,23.8,37.4,0,9,1008.7,
2021-04-10 00:00:00,32.1,23,37.3,0,9.1,1010.5,
2021-04-11 00:00:00,32.2,23.6,35.8,0.5,7.5,1011.7,
2021-04-12 00:00:00,32.9,25.8,36.7,0.5,7.1,1012,
2021-04-13 00:00:00,31.7,24.8,36.8,0.6,8.2,1011.4,
2021-04-14 00:00:00,32.6,25,35.9,4.3,8,1010.7,
2021-04-15 00:00:00,28.7,21.5,36.9,19.1,7.1,1010.4,
2021-04-16 00:00:00,32.8,23.8,36.4,0,7.2,1009.6,
2021-04-17 00:00:00,30.1,23.8,37.2,0.2,6.4,1010,
2021-04-18 00:00:00,33.7,26.1,37.9,0,7.6,1010.7,
2021-04-19 00:00:00,31.9,25.3,39.6,0,6.7,1008.4,
2021-04-20 00:00:00,34.8,27.4,40.2,0,7,1007.6,
2021-04-21 00:00:00,34.8,27,38.9,0,8.6,1008.9,
2021-04-22 00:00:00,34,25.8,39.2,0.7,8.4,1009.4,
2021-04-23 00:00:00,29.7,25,38.8,1.3,6.1,1009.5,
2021-04-24 00:00:00,31.8,24.5,39,8.9,3.2,1009.2,
2021-04-25 00:00:00,33.7,25.5,37,0,7.1,1008.8,
2021-04-26 00:00:00,30.4,25.4,37.8,0,7.4,1008.5,
2021-04-27 00:00:00,33.8,26,38.2,0,7.8,1009,
2021-04-28 00:00:00,31,24.6,38.4,0,7.3,1009.4,
2021-04-29 00:00:00,31.4,25.6,38.8,0,8.4,1008.9,
2021-04-30 00:00:00,34.2,26.6,39,0.1,8.3,1008.2,
2021-05-01 00:00:00,33.8,26.6,36.8,0,9.7,1008.6,
2021-05-02 00:00:00,33.1,25.8,37.2,0.6,7.9,1009,
2021-05-03 00:00:00,29.6,25.2,37.2,2.3,6.8,1008.6,
2021-05-04 00:00:00,34.5,26.3,38.3,3.5,7.2,1008.4,
2021-05-05 00:00:00,34.2,25.5,38.3,0.2,8.3,1008,
2021-05-06 00:00:00,33.9,26.3,37.7,0.3,9.5,1009,
2021-05-07 00:00:00,33.6,26.6,37.4,0.6,10.1,1009.7,
2021-05-08 00:00:00,32.7,26,37.3,0.6,6.6,1008.9,
2021-05-09 00:00:00,33.3,25,37.6,1,7.5,1007.7,
2021-05-10 00:00:00,34.3,26.3,37.7,0,8.4,1007.1,
2021-05-11 00:00:00,32.3,26.5,39.8,0,7.2,1006.5,
2021-05-12 00:00:00,30.4,23.5,40.4,9.9,6.4,1005.4,
2021-05-13 00:00:00,34.6,27.3,39.3,0,8,1004.6,
2021-05-14 00:00:00,35.2,26.6,38.3,3.1,6.1,1004,
2021-05-15 00:00:00,33.8,26.3,38.2,8.1,8.4,1003.8,
2021-05-16 00:00:00,33.7,25.8,37.5,1.9,8.2,1005.2,
2021-05-17 00:00:00,31.2,25.4,38.4,0.4,5.6,1006.3,
2021-05-18 00:00:00,35.2,27.2,38.4,0.2,7.2,1006.4,
2021-05-19 00:00:00,35.4,27.3,39.1,8.9,6.8,1006,
2021-05-20 00:00:00,31.9,24.6,38.8,2,5.9,1006.8,
2021-05-21 00:00:00,29.8,24.8,37.7,2,8.2,1007.1,
2021-05-22 00:00:00,31.3,24,34.7,5.1,7.8,1006.1,
2021-05-23 00:00:00,32.7,24.6,37.7,0,10.6,1005.6,
2021-05-24 00:00:00,31.8,27.6,37.2,0.4,14.5,1005.5,
2021-05-25 00:00:00,30.8,27.8,38.2,0.8,16.4,1004.3,
2021-05-26 00:00:00,32.1,26.3,39.6,0,16.8,1003.1,
2021-05-27 00:00:00,35.7,27.1,39.9,0,17.4,1003.8,
2021-05-28 00:00:00,36.4,26.7,40.4,0,13.4,1005.2,
2021-05-29 00:00:00,36.2,26.6,40.9,1,10.7,1006,
2021-05-30 00:00:00,36.1,27.1,41.4,0,10.6,1005.9,
2021-05-31 00:00:00,33.3,22.8,41.2,70.1,10.3,1005.1,
2021-06-01 00:00:00,34.3,25.2,38.2,0.3,9,1005.4,
2021-06-02 00:00:00,30.6,25.5,38.2,5,7.3,1006.1,
2021-06-03 00:00:00,33.4,25.9,40.5,10.2,7.5,1007.4,
2021-06-04 00:00:00,33.2,26.8,35.9,25.9,4.2,1008.4,
2021-06-05 00:00:00,30.9,24.6,35.9,9.9,3.7,1008.1,
2021-06-06 00:00:00,31.7,23.4,35.9,32,5.4,1007.5,
2021-06-07 00:00:00,34.3,25.8,37.4,0,6.7,1007.2,
2021-06-08 00:00:00,32.4,23.3,39.3,24.9,8.3,1006.5,
2021-06-09 00:00:00,33.5,24.7,36.6,0,12.3,1005.7,
2021-06-10 00:00:00,32.4,25.5,37.3,0.2,13.4,1004.7,
2021-06-11 00:00:00,31.5,26,35.3,0.5,13.9,1004.7,
2021-06-12 00:00:00,32.8,25.6,35.4,0,17.5,1004.8,
2021-06-13 00:00:00,32,26.1,36.3,0,18.5,1004.5,
2021-06-14 00:00:00,30.8,26.3,36.3,0,19.1,1004.3,
2021-06-15 00:00:00,33.7,25.3,36,0.5,16.3,1003.7,
2021-06-16 00:00:00,33.8,26.8,36.3,0,18.2,1005.2,
2021-06-17 00:00:00,33,26.8,36.7,0,17.3,1006.2,
2021-06-18 00:00:00,32.8,25.7,36.8,0,15.9,1007.2,
2021-06-19 00:00:00,31.2,26.7,36.8,0,15.1,1008.5,
2021-06-20 00:00:00,34.6,25.5,37.3,0,13.6,1008.6,
2021-06-21 00:00:00,34.7,25.7,38.4,0.1,12.8,1007.4,
2021-06-22 00:00:00,33.3,25.5,38.8,2,9,1006.7,
2021-06-23 00:00:00,33.3,26.4,37,0,7.5,1007,
2021-06-24 00:00:00,31,23.6,36.3,9.9,7.9,1007,
2021-06-25 00:00:00,32.9,24.7,36.7,0.5,9.7,1005.8,
2021-06-26 00:00:00,30.7,25.9,36.8,0,12,1005.7,
2021-06-27 00:00:00,29.4,23.2,32.6,3,12.1,1007.3,
2021-06-28 00:00:00,30.3,24.7,34.6,0,7.6,1007,
2021-06-29 00:00:00,29.7,25.3,34.5,2.4,7.7,1006.8,
2021-06-30 00:00:00,30.3,25.3,38.2,0.9,6.1,1006.4,
2021-07-01 00:00:00,29.7,22.5,39.6,16,7.2,1005.7,
2021-07-02 00:00:00,31.7,23.7,37.2,0.5,8.2,1006.4,
2021-07-03 00:00:00,29.4,20.9,38,38.1,5.7,1007.3,
2021-07-04 00:00:00,31.1,24.6,33.6,0.5,7.5,1006.9,
2021-07-05 00:00:00,32.5,22.6,36.2,0.5,8.5,1005.9,
2021-07-06 00:00:00,32.1,23.9,37.8,5.1,5.9,1005.2,
2021-07-07 00:00:00,28.2,24.7,33.4,6,6.3,1005.4,
2021-07-08 00:00:00,28.9,25.1,35.2,22,7.2,1005.2,
2021-07-09 00:00:00,28.4,21.9,37.8,38.1,7.5,1004.2,
2021-07-10 00:00:00,28.9,21.7,31.8,55.1,13.3,1003,
2021-07-11 00:00:00,28.8,23.8,31.5,0.5,12.5,1003,
2021-07-12 00:00:00,30.1,24.2,32.7,0.5,9.8,1003.1,
2021-07-13 00:00:00,29.8,24.1,32.2,0,11.9,1004.4,
2021-07-14 00:00:00,29.4,24.1,32.5,5.4,9.9,1004.7,
2021-07-15 00:00:00,25.8,22.4,31.4,31,9.9,1005,
2021-07-16 00:00:00,29.3,23.4,32.6,4.1,5.8,1006.8,
2021-07-17 00:00:00,29.9,23.5,33,2,7.4,1006.6,
2021-07-18 00:00:00,29.6,23.1,32,11.9,11.2,1005.4,
2021-07-19 00:00:00,31.4,24.6,33.4,0,11,1005.4,
2021-07-20 00:00:00,30.3,22.6,34.3,13,15.5,1006.8,
2021-07-21 00:00:00,29.3,24.2,33.8,0,14.4,1006.5,
2021-07-22 00:00:00,29.3,25.2,32.4,0,18.3,1003.7,
2021-07-23 00:00:00,31.2,25.3,34,0,17.1,1003,
2021-07-24 00:00:00,29.5,25.6,35.6,0.1,13.4,1004.6,
2021-07-25 00:00:00,32.7,25.9,35.9,0.1,13,1005.6,
2021-07-26 00:00:00,31.8,24.2,35.4,3,12,1006.2,
2021-07-27 00:00:00,31.3,24.7,34.8,2,15.2,1005.5,
2021-07-28 00:00:00,31.8,24.7,34.9,0,15.2,1006.2,
2021-07-29 00:00:00,30.4,26,36.5,0,16.1,1006.9,
2021-07-30 00:00:00,32.3,25.8,36,0,13.9,1007.6,
2021-07-31 00:00:00,32.5,24.9,35.6,0.1,14.4,1007.9,
2021-08-01 00:00:00,31.7,23.7,36.3,3,13.9,1006.9,
2021-08-02 00:00:00,32.3,24.3,35.3,0,13.1,1007.1,
2021-08-03 00:00:00,32.5,25.2,35.8,0,14.7,1008.3,
2021-08-04 00:00:00,32.7,24.7,37.4,2,14.8,1008.5,
2021-08-05 00:00:00,32.4,25.8,36.2,0,13.5,1006.9,
2021-08-06 00:00:00,31.6,23.8,35.5,15,12.8,1005.9,
2021-08-07 00:00:00,31.3,23.7,34.4,7.1,7.9,1006.9,
2021-08-08 00:00:00,32.1,23.6,35.7,37.1,6.7,1007.4,
2021-08-09 00:00:00,33.6,25.6,36.6,0,7.1,1007.7,
2021-08-10 00:00:00,30.9,23.7,37.4,3,8.2,1007.5,
2021-08-11 00:00:00,29.2,26.1,35.2,4.8,10.1,1007.5,
2021-08-12 00:00:00,29.8,25.3,35.6,1,8.3,1008.3,
2021-08-13 00:00:00,31.3,24.7,34.2,0.5,10.1,1007.2,
2021-08-14 00:00:00,31.1,24.6,34.4,0,10.4,1005.3,
2021-08-15 00:00:00,30.4,24.6,33.8,0.6,9.8,1006.1,
2021-08-16 00:00:00,29.6,24.9,32.1,0,8.1,1007.2,
2021-08-17 00:00:00,30.3,24.2,35,0.5,8,1007.3,
2021-08-18 00:00:00,32.6,24.9,35.6,0,6.7,1006.1,
2021-08-19 00:00:00,31.9,25.7,35.9,0,9.3,1005.5,
2021-08-20 00:00:00,29.9,23.4,34.9,7.9,6.4,1006.5,
2021-08-21 00:00:00,28.9,25.1,32.8,0,4.7,1008.7,
2021-08-22 00:00:00,27.1,23.5,33.8,18.1,4.5,1008.6,
2021-08-23 00:00:00,27.5,20.8,34.3,49,4.9,1008.1,
2021-08-24 00:00:00,30.8,23.2,33.5,0,5.4,1007.6,
2021-08-25 00:00:00,29.4,24,34,0.3,7,1006.9,
2021-08-26 00:00:00,27.8,24.1,33.8,16.9,6.2,1005.4,
2021-08-27 00:00:00,26.8,24.1,33,15.4,6.4,1005.1,
2021-08-28 00:00:00,26.1,24.2,29.2,6.1,7.1,1003.9,
2021-08-29 00:00:00,26,23.6,29.7,7.5,9,1003.4,
2021-08-30 00:00:00,27.5,24.5,31.9,2.4,10.3,1004.4,
2021-08-31 00:00:00,27.2,24.3,32,0,6.5,1005.9,
2021-09-01 00:00:00,27.2,24.4,31.9,1.5,5.4,1007.2,
2021-09-02 00:00:00,26.2,23.9,29.9,19.6,6,1007.2,
2021-09-03 00:00:00,25.8,23.5,29,7,8.4,1006.1,
2021-09-04 00:00:00,25.8,23.9,30.2,8.8,9.6,1006.3,
2021-09-05 00:00:00,26.9,24.8,30.3,0.1,11.4,1005.8,
2021-09-06 00:00:00,27.1,24.8,30.2,0.3,13.8,1005.4,
2021-09-07 00:00:00,27.9,25.3,31.9,0,11.3,1005.7,
2021-09-08 00:00:00,28.3,23.8,33.6,0,9.6,1007.1,
2021-09-09 00:00:00,29.1,24.9,34.2,0,10.5,1008,
2021-09-10 00:00:00,31.5,24.7,34.6,0,8.8,1007.3,
2021-09-11 00:00:00,29.4,25.6,35.6,0,10.7,1006.2,
2021-09-12 00:00:00,31.8,25.5,35.9,0.4,12.2,1005.1,
2021-09-13 00:00:00,31.3,25.3,34,0,14.8,1004.2,
2021-09-14 00:00:00,30.1,25.9,35.4,0,11.6,1005,
2021-09-15 00:00:00,32.7,25.4,35.4,0.7,9.3,1006.3,
2021-09-16 00:00:00,32.4,25.4,36.4,0.1,7.7,1006.2,
2021-09-17 00:00:00,29.5,26,36.2,0.2,6.7,1006.1,
2021-09-18 00:00:00,32,24,36.8,3,5.4,1007.7,
2021-09-19 00:00:00,31.2,21.9,35.4,3,4,1008.9,
2021-09-20 00:00:00,29.8,20.5,35.4,37.1,4,1008.4,
2021-09-21 00:00:00,31.1,22.7,33.8,0,6.7,1007.1,
2021-09-22 00:00:00,28.8,22.3,33.9,20.1,6.9,1005.7,
2021-09-23 00:00:00,29.1,24.7,31.7,0.3,5.7,1006.2,
2021-09-24 00:00:00,29.6,23.5,31,0.5,6.2,1007,
2021-09-25 00:00:00,29.9,24.7,33,0,5.9,1006.4,
2021-09-26 00:00:00,27.3,22.1,34.5,34,7.2,1004.6,
2021-09-27 00:00:00,29.3,23.6,33.9,0,13,1003,
2021-09-28 00:00:00,28,24.9,34.6,1,9.3,1005.3,
2021-09-29 00:00:00,28.2,23.9,33.8,0.1,8.2,1007.4,
2021-09-30 00:00:00,27.7,22.9,32.9,9.9,3.8,1008.6,
2021-10-01 00:00:00,29.7,24.6,32,0,4.9,1008.3,
2021-10-02 00:00:00,29.8,24.7,32.4,2,5.5,1008.2,
2021-10-03 00:00:00,27.3,23,32.2,16,4.3,1008.2,
2021-10-04 00:00:00,28.7,23.2,31.6,8.9,4.8,1007.1,
2021-10-05 00:00:00,25,23,32.5,1,4.3,1007.1,
2021-10-06 00:00:00,27.8,22.2,30.5,63,6.6,1005.6,
2021-10-07 00:00:00,29.7,24.5,32.9,0,3.9,1006.5,
2021-10-08 00:00:00,28.7,23.5,32.9,1,5.8,1006.9,
2021-10-09 00:00:00,29.1,24,31,0,9,1008,
2021-10-10 00:00:00,27.2,24.9,32.2,0.9,9.3,1007.3,
2021-10-11 00:00:00,28.8,23.6,33.7,4,8.6,1006.4,
2021-10-12 00:00:00,28.9,22.6,31.8,6.1,7,1006.2,
2021-10-13 00:00:00,28.9,22.1,32.7,9.9,9.9,1006,
2021-10-14 00:00:00,29.7,23.2,32.7,3,8.3,1005.2,
2021-10-15 00:00:00,29.6,24.3,33.1,0.5,5.7,1002.7,
2021-10-16 00:00:00,27.8,24.5,33.9,0,4.6,1002.6,
2021-10-17 00:00:00,29.1,22.5,31.8,9.9,5.7,1003.8,
2021-10-18 00:00:00,29.3,24.4,32,0,8.8,1006.7,
2021-10-19 00:00:00,30.3,24.3,32.6,0.3,6.6,1009.2,
2021-10-20 00:00:00,29.7,24.9,34,0,4.7,1011.6,
2021-10-21 00:00:00,29.3,22.6,34.2,7.9,4.5,1012,
2021-10-22 00:00:00,29.8,24.6,32.5,0,5.2,1012.3,
2021-10-23 00:00:00,25.8,22.4,32.2,9.8,5.9,1013,
2021-10-24 00:00:00,29.1,23.7,33.4,1.6,5,1012.8,
2021-10-25 00:00:00,29.6,22.7,33.5,0.3,6.8,1011.2,
2021-10-26 00:00:00,29.3,22.9,32.3,0,5.1,1010.4,
2021-10-27 00:00:00,29.3,23.1,32.4,1.1,6.4,1010.6,
2021-10-28 00:00:00,25.8,22.3,32.6,0.5,7.5,1010.5,
2021-10-29 00:00:00,27.3,22.6,30.2,0,6.2,1011.5,
2021-10-30 00:00:00,27.2,22.6,30.7,8.9,6.1,1012.4,
2021-10-31 00:00:00,27.8,22.6,29.4,1,7.3,1011.9,
2021-11-01 00:00:00,25.5,23,29.9,7.9,7.2,1011.4,
2021-11-02 00:00:00,25.2,22.7,27,11.9,6.7,1011.2,
2021-11-03 00:00:00,24.9,21.8,26.3,15,4.9,1011.3,
2021-11-04 00:00:00,26.4,22.3,28.2,2,4.7,1010.7,
2021-11-05 00:00:00,28.1,22.7,29.8,0,5.5,1010.2,
2021-11-06 00:00:00,26.7,22.2,30.6,29,6,1009.1,
2021-11-07 00:00:00,23.6,21.3,29.4,22.1,8.4,1009.3,
2021-11-08 00:00:00,23.3,21.3,24.3,18,8.5,1010.6,
2021-11-09 00:00:00,24.1,20.3,27.1,7.9,8.1,1010.9,
2021-11-10 00:00:00,22.8,20.6,26.2,1,9.6,1009.3,
2021-11-11 00:00:00,21.8,19.7,24.1,20.1,17.2,1004.3,
2021-11-12 00:00:00,24.7,19.7,27.2,48,8.6,1005.7,
2021-11-13 00:00:00,25.4,21.7,28.1,4.1,3.3,1008.2,
2021-11-14 00:00:00,25.4,23.2,28,0.8,3.7,1008.3,
2021-11-15 00:00:00,25.8,21.7,29.6,23.9,4,1007.3,
2021-11-16 00:00:00,27.7,22.7,29.2,0,4.4,1007.6,
2021-11-17 00:00:00,26.2,23,29.3,17,5.7,1009.3,
2021-11-18 00:00:00,23.3,22.3,27.8,10.9,10.9,1006.6,
2021-11-19 00:00:00,24.4,21.8,27,81,11.3,1003.5,
2021-11-20 00:00:00,25.3,22.5,28.2,23.9,4.8,1006.5,
2021-11-21 00:00:00,26.2,21.4,29.3,56.9,3.1,1009.6,
2021-11-22 00:00:00,27,23.2,28.5,1,5.7,1011,
2021-11-23 00:00:00,27.9,22.4,30,0,7,1010.3,
2021-11-24 00:00:00,27.6,22.4,31.3,0,6.7,1010.7,
2021-11-25 00:00:00,26.6,22.2,30.3,4.9,8.5,1010.9,
2021-11-26 00:00:00,25.2,22.6,28.2,2,8.1,1011.1,
2021-11-27 00:00:00,23.4,20.7,26,23.9,7.9,1011.3,
2021-11-28 00:00:00,24,21.1,25.7,8.9,6.7,1012,
2021-11-29 00:00:00,24.4,21.5,25.8,8.9,7.6,1012.8,
2021-11-30 00:00:00,25.7,21.8,27.8,17,7,1012.9,
2021-12-01 00:00:00,25.7,21.8,28.9,9.9,6.3,1012.3,
2021-12-02 00:00:00,26.2,22.1,27.9,0.5,5.9,1012.1,
2021-12-03 00:00:00,27,21.2,29,0.3,5.5,1011.8,
2021-12-04 00:00:00,27.4,20.7,29.7,0,4.7,1011.7,
2021-12-05 00:00:00,25.7,22,30.8,0.4,4.5,1011.5,
2021-12-06 00:00:00,27.2,22.6,31.4,11.9,3.2,1011.7,
2021-12-07 00:00:00,28.1,22.5,30,0.3,5.6,1012.2,
2021-12-08 00:00:00,28.4,21.7,30.4,0,6.3,1012.6,
2021-12-09 00:00:00,26.4,23,31,11.8,5.8,1014,
2021-12-10 00:00:00,24.3,20.9,30,0.9,7.5,1014.8,
2021-12-11 00:00:00,27.6,22.2,30.3,3.1,8.3,1014.3,
2021-12-12 00:00:00,25.8,21.6,30.4,4.3,7.5,1014.6,
2021-12-13 00:00:00,24.4,21.8,28.8,2,7.9,1013.9,
2021-12-14 00:00:00,26,20.8,28,6.1,8.9,1013.3,
2021-12-15 00:00:00,26.5,21.2,28.9,0.5,8.3,1013.7,
2021-12-16 00:00:00,25.9,19.7,28.8,0,8,1014.5,
2021-12-17 00:00:00,23.1,18.7,27.9,0,8,1015,
2021-12-18 00:00:00,22.6,18,27.8,0,8.3,1014.5,
2021-12-19 00:00:00,21.6,16.4,27,0,8.2,1015.7,
2021-12-20 00:00:00,22,17.5,27.3,0,7.9,1015.6,
2021-12-21 00:00:00,21.6,16.9,27.5,0,5.4,1015.6,
2021-12-22 00:00:00,21.7,15.8,27.5,0,5.1,1014.3,
2021-12-23 00:00:00,21.8,16,28.3,0,5.2,1013.7,
2021-12-24 00:00:00,21.3,15.4,27.9,0,4.8,1013.8,
2021-12-25 00:00:00,22,16.2,28.8,0,5.3,1014.1,
2021-12-26 00:00:00,22.2,16.2,28.4,0,5.7,1015.3,
2021-12-27 00:00:00,22.7,17.1,29.2,0,5.6,1015.8,
2021-12-28 00:00:00,22.8,17.7,28.8,0.7,5.9,1015,
2021-12-29 00:00:00,23.5,18.4,28.9,0.5,6.4,1014,
2021-12-30 00:00:00,22.6,19.2,26.8,4,8.3,1015.5,
2021-12-31 00:00:00,22.5,21,25.9,3.3,9,1016.6,
2022-01-01 00:00:00,25.3,20.3,27.8,30,8.9,1016.7,
2022-01-02 00:00:00,26.1,20.2,28.9,0.5,9,1015.6,
2022-01-03 00:00:00,23.5,20.1,28.4,0.2,7.9,1015,
2022-01-04 00:00:00,23,19,28.2,0,8.1,1015.3,
2022-01-05 00:00:00,22.8,17.6,29,0,5.4,1015,
2022-01-06 00:00:00,23.4,18,29.2,0,7,1013.9,
2022-01-07 00:00:00,23.7,18.6,29.9,0.1,5.9,1014.2,
2022-01-08 00:00:00,27.1,20.9,29.9,0.6,6,1014.5,
2022-01-09 00:00:00,26.7,21.1,30.2,0,5.4,1013.2,
2022-01-10 00:00:00,24,18.8,29.7,0,5,1013.1,
2022-01-11 00:00:00,24.3,19.4,29.7,0.3,5.9,1012.9,
2022-01-12 00:00:00,24.8,20.2,29.8,0.1,5.2,1012.4,
2022-01-13 00:00:00,24.9,21.8,30.1,2,7.2,1011.9,
2022-01-14 00:00:00,25,21.6,30.4,0.7,5.2,1011.7,
2022-01-15 00:00:00,24.5,21.2,29.6,2.1,6.2,1012.5,
2022-01-16 00:00:00,24.4,20.8,29.2,0.6,9.1,1014.4,
2022-01-17 00:00:00,25.3,21.9,30.5,0.8,7.8,1016.2,
2022-01-18 00:00:00,26.5,19.7,29.8,1.3,6.8,1015.2,
2022-01-19 00:00:00,23.4,18.5,29.8,0,6.2,1013.5,
2022-01-20 00:00:00,22.8,16.8,29.5,0,4.7,1011.9,
2022-01-21 00:00:00,23.8,16.9,31.7,0,6.2,1011.4,
2022-01-22 00:00:00,25.1,17.6,34.4,0,5.9,1009.3,
2022-01-23 00:00:00,29.1,23,34.1,0,6,1009.2,
2022-01-24 00:00:00,25.7,21.4,31.7,0,6,1009.3,
2022-01-25 00:00:00,28.4,23.5,32.1,0.1,6.9,1009.7,
2022-01-26 00:00:00,27.3,23.4,31.3,1.9,5.7,1010.9,
2022-01-27 00:00:00,24.3,21.2,30.4,1.7,6.7,1011.7,
2022-01-28 00:00:00,26.9,22.2,30.7,0.3,8.4,1013.2,
2022-01-29 00:00:00,26.7,21.2,29.1,0,8.6,1014.1,
2022-01-30 00:00:00,25.1,21.1,30.4,0.2,5.7,1012.8,
2022-01-31 00:00:00,25,20.2,31.5,0,5.4,1011.9,
2022-02-01 00:00:00,27.9,22.1,31.6,0,5.4,1011.5,
2022-02-02 00:00:00,27.6,20.7,31.6,0,5.9,1012.1,
2022-02-03 00:00:00,27.6,19.4,31.2,0,6.8,1011.5,
2022-02-04 00:00:00,25.6,19,33.4,0,5.2,1009.6,
2022-02-05 00:00:00,28.6,23.6,33.5,0,6.8,1010.8,
2022-02-06 00:00:00,28.3,23.6,31.8,0.1,7.1,1013.5,
2022-02-07 00:00:00,28.6,22.9,31.7,0,6.6,1014,
2022-02-08 00:00:00,24.4,18.3,31.8,0,7.4,1012.9,
2022-02-09 00:00:00,27.2,20.7,32.1,0,7.3,1013.1,
2022-02-10 00:00:00,23.9,17.2,32,0,7.3,1012.4,
2022-02-11 00:00:00,27.9,19.5,32.3,0,9.4,1012.3,
2022-02-12 00:00:00,28,20.2,32.3,0,8.5,1011.9,
2022-02-13 00:00:00,28.2,21.3,31.4,0,7.5,1011.1,
2022-02-14 00:00:00,27.1,19.7,31.5,0,7.4,1011.2,
2022-02-15 00:00:00,27.6,21,31.7,0,6.8,1011.1,
2022-02-16 00:00:00,27.7,20.1,31,0,7.3,1009.3,
2022-02-17 00:00:00,24.4,18.6,31.4,0,7.7,1008.5,
2022-02-18 00:00:00,28,19.7,32,0,7.7,1010.1,
2022-02-19 00:00:00,28.1,20.6,32,0,7.6,1012.1,
2022-02-20 00:00:00,25.2,18.4,33.6,0,5.6,1011,
2022-02-21 00:00:00,26.3,18.8,35.4,0,6.2,1009.4,
2022-02-22 00:00:00,29.6,21.5,36.1,0,7.1,1011.3,
2022-02-23 00:00:00,29.4,23,33.9,0,8.2,1014.3,
2022-02-24 00:00:00,28.9,21.5,33.1,0,6.4,1015.3,
2022-02-25 00:00:00,24.5,16.6,33.4,0,6.5,1014.4,
2022-02-26 00:00:00,28.3,20.7,34.1,0,7.8,1014.3,
2022-02-27 00:00:00,28.8,21.5,32,0,7.1,1014.3,
2022-02-28 00:00:00,25.8,18.5,34.2,0,7.2,1013.6,
2022-03-01 00:00:00,30.7,19.3,35,0,7.6,1013.5,
2022-03-02 00:00:00,29.3,16.9,35.5,0,8.1,1013,
2022-03-03 00:00:00,24.7,17.4,31.4,0,8.9,1012.6,
2022-03-04 00:00:00,25.8,19.9,32.9,0,10.5,1012,
2022-03-05 00:00:00,26.2,20.2,33.3,0,10.7,1011.2,
2022-03-06 00:00:00,25.4,20.4,31.3,0,12.5,1011.2,
2022-03-07 00:00:00,25.9,21.5,31.5,0.5,10,1012,
2022-03-08 00:00:00,26.3,20.3,33.5,0,6.1,1011.6,
2022-03-09 00:00:00,26.3,18.8,34.3,0,7.1,1010.9,
2022-03-10 00:00:00,30.7,20.2,36.3,0,7.2,1010.6,
2022-03-11 00:00:00,30.2,19.2,36.4,0,6.9,1010.4,
2022-03-12 00:00:00,26.3,17.9,35.4,0,8.3,1009.8,
2022-03-13 00:00:00,30.6,20,35.8,0,7.6,1010.1,
2022-03-14 00:00:00,27.5,19.9,36,0,7.9,1010.1,
2022-03-15 00:00:00,32,21.5,37,0,7,1008.8,
2022-03-16 00:00:00,28.5,20.2,37.8,0,8.3,1007.4,
2022-03-17 00:00:00,32.7,20.8,38.4,0,7.5,1007,
2022-03-18 00:00:00,32.3,21.4,38,0,7.5,1006.7,
2022-03-19 00:00:00,32.7,23.5,38.5,0,7.3,1006.7,
2022-03-20 00:00:00,29.2,24.3,35.1,0,6.2,1006.4,
2022-03-21 00:00:00,29.4,23.9,38.1,0.1,6.2,1006.6,
2022-03-22 00:00:00,33,23.9,38.5,14,8,1006.8,
2022-03-23 00:00:00,32.7,25.2,37,0,7.3,1006.9,
2022-03-24 00:00:00,32.3,25.7,35.8,0,9.7,1007.5,
2022-03-25 00:00:00,31.7,25.4,35.3,0.2,10.1,1008.8,
2022-03-26 00:00:00,29.4,24.4,36.1,0.1,8.6,1010.5,
2022-03-27 00:00:00,29.6,24,36.3,0,9.2,1010.8,
2022-03-28 00:00:00,29.8,23.4,37,0,9.4,1010,
2022-03-29 00:00:00,30.1,24.2,37.6,0,9.8,1008.8,
2022-03-30 00:00:00,33.8,26.2,38,0,9.2,1008.3,
2022-03-31 00:00:00,34,25.6,38.4,0,9,1008.5,
2022-04-01 00:00:00,33.2,25.3,38.6,0,10.1,1009.1,
2022-04-02 00:00:00,29.5,24,36.5,0,11,1010.2,
2022-04-03 00:00:00,32.9,25.1,36.6,0,9.7,1009.9,
2022-04-04 00:00:00,32.6,25,36.8,0,9.6,1010.6,
2022-04-05 00:00:00,29.1,24.3,36.4,0,10.5,1012.2,
2022-04-06 00:00:00,32.6,23.9,36.8,0,7.1,1012.1,
2022-04-07 00:00:00,32.8,24.7,37.2,0,7.8,1011,
2022-04-08 00:00:00,33.1,25.6,37,0.3,7.6,1010,
2022-04-09 00:00:00,33.3,25.6,37.3,0.1,7.4,1009.1,
2022-04-10 00:00:00,33,25.8,37.5,0.2,7.2,1008.4,
2022-04-11 00:00:00,33.2,25.5,38.2,1.1,7.7,1007.8,
2022-04-12 00:00:00,32.7,26.2,37.3,2.1,6.6,1007.3,
2022-04-13 00:00:00,32,26.4,37.9,9.8,7.5,1006.8,
2022-04-14 00:00:00,29.7,24,36.2,0.1,7.3,1006.9,
2022-04-15 00:00:00,31.1,24.5,39,0.1,6,1006.3,
2022-04-16 00:00:00,35.8,28.2,39.6,0,7.5,1005.1,
2022-04-17 00:00:00,32.1,26.1,39.6,0.5,9.6,1006.3,
2022-04-18 00:00:00,34.1,24.7,39.1,3,8.2,1008.2,
2022-04-19 00:00:00,30.5,25,37.2,0,7,1009.3,
2022-04-20 00:00:00,34.4,26.8,38.8,0,7.9,1007.7,
2022-04-21 00:00:00,33.7,26.7,38.4,0,10,1007.4,
2022-04-22 00:00:00,33.5,26.5,37.2,0,10.1,1008.7,
2022-04-23 00:00:00,33.7,26.1,37.6,0,8,1009.2,
2022-04-24 00:00:00,34.7,26.7,39,0,7.1,1007.7,
2022-04-25 00:00:00,34.5,25.9,39,0,8.5,1006.9,
2022-04-26 00:00:00,34.8,26.2,39,0,8.9,1007.3,
2022-04-27 00:00:00,34.9,26.6,39,0,9.6,1007.1,
2022-04-28 00:00:00,35.4,26.2,40.3,0,8.5,1007.7,
2022-04-29 00:00:00,36.2,26.5,41.3,0,8.9,1007.4,
2022-04-30 00:00:00,37,27.8,42.2,0,6.7,1005.4,
2022-05-01 00:00:00,36.7,28.1,42.3,0,7.8,1004.3,
2022-05-02 00:00:00,36.6,27.1,42.3,0,8.3,1004.3,
2022-05-03 00:00:00,35.6,27.4,41.7,0,7.5,1005.7,
2022-05-04 00:00:00,33.1,27,40.8,0.3,6,1006.9,
2022-05-05 00:00:00,34.8,25.9,38.7,1.8,4.7,1006.5,
2022-05-06 00:00:00,34.7,26.4,41.1,0,4.9,1005.9,
2022-05-07 00:00:00,35.1,24.2,41.1,2,5.1,1004.8,
2022-05-08 00:00:00,35.1,26.9,40.3,0,7.2,1003.2,
2022-05-09 00:00:00,34.4,27,39.9,0,9.8,1001.6,
2022-05-10 00:00:00,28.9,23.7,37.6,1,19,1000.7,
2022-05-11 00:00:00,29.8,23.4,33.7,3,19.2,1001.1,
2022-05-12 00:00:00,27.4,23.3,33.7,2,15.5,1003.7,
2022-05-13 00:00:00,32.3,25.9,35.1,0,11.2,1003.5,
2022-05-14 00:00:00,32.1,26.5,36.8,0,8.4,1004.1,
2022-05-15 00:00:00,32.4,25.8,37.7,0,7.7,1004.8,
2022-05-16 00:00:00,28.3,25.1,37.7,16,6.4,1004.7,
2022-05-17 00:00:00,30.5,24.5,33.3,3,4.3,1003.8,
2022-05-18 00:00:00,30.1,24.2,33.3,15,5.4,1004,
2022-05-19 00:00:00,27.9,24,32.6,0.4,8.4,1005.1,
2022-05-20 00:00:00,32.1,24.6,35.2,0.7,9.9,1006.1,
2022-05-21 00:00:00,32.2,24.7,35.2,0.2,12.5,1005.3,
2022-05-22 00:00:00,32.1,27,35.7,0,15.4,1003.4,
2022-05-23 00:00:00,34.6,25.7,39,0,12.5,1002.8,
2022-05-24 00:00:00,29.7,25.6,37.2,2.9,12.4,1005.4,
2022-05-25 00:00:00,29.4,25,34.9,0.4,10.1,1007,
2022-05-26 00:00:00,29.9,25.4,35.56666667,0.266666667,10.93333333,1006.466667,
2022-05-27 00:00:00,30.4,25.8,36.23333333,0.133333333,11.76666667,1005.933333,
2022-05-28 00:00:00,30.9,26.2,36.9,0,12.6,1005.4,
2022-05-29 00:00:00,30.8,26.7,36.8,0.1,13.3,1005.4,
2022-05-30 00:00:00,30.4,26.1,36.6,0.3,10.2,1004.7,
2022-05-31 00:00:00,29.9,24.9,37.4,2.4,13.5,1004,
2022-06-01 00:00:00,30.2,24.6,37.5,2.2,14.3,1004,
2022-06-02 00:00:00,31.1,26.5,37.4,0.2,11.5,1003.8,
2022-06-03 00:00:00,31.3,26.8,38.2,0.7,13,1003.5,
2022-06-04 00:00:00,36.3,27.1,41.1,11.5,11.8,1003.5,
2022-06-05 00:00:00,36.1,28.1,41.3,5,9.2,1003.5,
2022-06-06 00:00:00,33.8,25.7,41.3,2,10.3,1004.5,
2022-06-07 00:00:00,32.3,22.4,38.6,10.9,7.4,1005,
2022-06-08 00:00:00,33.9,26.8,37.5,0,11.6,1004.6,
2022-06-09 00:00:00,34.2,27.5,37.5,2,14,1004.3,
2022-06-10 00:00:00,34.2,27.9,37.9,0.1,10.9,1005.1,
2022-06-11 00:00:00,30.9,26.5,36.1,0.1,11.3,1005.9,
2022-06-12 00:00:00,34.7,27,39.3,7.4,10.4,1006,
2022-06-13 00:00:00,33.4,24.5,39.3,5.1,9.3,1006.7,
2022-06-14 00:00:00,33.8,26,38.6,0,8.3,1006.3,
2022-06-15 00:00:00,30.4,22.9,38.6,20.1,8,1006,
2022-06-16 00:00:00,31.9,23.7,36.3,8.9,6.4,1006.3,
2022-06-17 00:00:00,32.1,24.8,36.3,0,6.9,1006.1,
2022-06-18 00:00:00,29.7,25,35.8,9.6,4.7,1006.3,
2022-06-19 00:00:00,32.5,25.2,36.8,6.1,5.6,1006.5,
2022-06-20 00:00:00,30.4,22.1,36.8,32,7.8,1005.4,
2022-06-21 00:00:00,30,22.8,35,27.9,7.9,1004.2,
2022-06-22 00:00:00,30.9,25,34.1,0.5,7.4,1005.6,
2022-06-23 00:00:00,30.4,25.8,34.1,0,6,1006.4,
2022-06-24 00:00:00,32.9,25.9,36.5,1.1,9.1,1005.5,
2022-06-25 00:00:00,32.3,26.2,36.5,0.4,14.3,1003.4,
2022-06-26 00:00:00,32.9,26.1,36.5,0.5,11.1,1004.1,
2022-06-27 00:00:00,29.6,25.5,35,0.2,10.3,1005.7,
2022-06-28 00:00:00,29.5,25.5,34.3,0,9.8,1005.7,
2022-06-29 00:00:00,29.5,26.1,35.4,1.6,9.9,1004.1,
2022-06-30 00:00:00,29.8,26,35.5,3.5,13.6,1003.7,
2022-07-01 00:00:00,29.6,25.1,36.9,4.2,12.7,1003.6,
2022-07-02 00:00:00,29,25.3,35.4,15.6,12.6,1002.8,
2022-07-03 00:00:00,29.7,25.5,35.6,1,9.8,1003.1,
2022-07-04 00:00:00,30.4,26.8,37,0,17,1003.7,
2022-07-05 00:00:00,28.4,26.5,32.4,0,14.7,1003.2,
2022-07-06 00:00:00,26.6,24.7,31.2,4.9,10.2,1004.8,
2022-07-07 00:00:00,27,25,31.6,10.5,11.3,1006.6,
2022-07-08 00:00:00,28.5,26.1,32.1,0,15.2,1005.2,
2022-07-09 00:00:00,27.2,24.8,32.2,2.2,16,1003.6,
2022-07-10 00:00:00,27.9,24.8,32.1,0.3,17,1003.9,
2022-07-11 00:00:00,27.4,24.8,32.2,0.3,19.1,1005.7,
2022-07-12 00:00:00,29.2,24.9,35,0.3,21.1,1005,
2022-07-13 00:00:00,29.4,26.4,34,0.2,19.8,1002.8,
2022-07-14 00:00:00,29.4,26.1,34.1,0.7,21.2,1002.1,
2022-07-15 00:00:00,30,26,35.3,0.1,18.2,1003.2,
2022-07-16 00:00:00,28.9,25.3,34.6,5.2,12.8,1004.8,
2022-07-17 00:00:00,28.2,24.8,34,6.9,12,1005.1,
2022-07-18 00:00:00,27.2,25,33.7,11.6,8.4,1006.1,
2022-07-19 00:00:00,28.6,25,34.2,9.4,9.3,1006.3,
2022-07-20 00:00:00,27.4,23.4,32.8,15.5,6.2,1006.7,
2022-07-21 00:00:00,27.5,23.9,32.8,21.1,9.8,1006.4,
2022-07-22 00:00:00,26.9,24,31.7,12.7,8.1,1006.7,
2022-07-23 00:00:00,27.3,23.9,32.8,6,8.4,1005.9,
2022-07-24 00:00:00,27.2,24.1,33.1,1.9,10.1,1006.1,
2022-07-25 00:00:00,27.4,23.9,33.4,1.2,7.7,1006.9,
2022-07-26 00:00:00,26.2,23.6,30.9,9.9,6.4,1008.2,
2022-07-27 00:00:00,27.1,23,32,0.3,7.7,1007.6,
2022-07-28 00:00:00,27.6,23.6,33.2,0.4,5.3,1008,
2022-07-29 00:00:00,27.6,23.2,32.2,0.9,5.8,1007.6,
2022-07-30 00:00:00,28,24,33.5,2.1,5.3,1006.6,
2022-07-31 00:00:00,27.4,23.2,34.2,5.8,5.9,1004.9,
2022-08-01 00:00:00,27.7,23.7,33.4,18.2,7.3,1004.1,
2022-08-02 00:00:00,26.9,23.8,32.6,9.4,8.2,1003.1,
2022-08-03 00:00:00,25.6,23.2,29.9,7.4,5.7,1003.2,
2022-08-04 00:00:00,26,23.2,30.6,19.4,5.2,1003.3,
2022-08-05 00:00:00,26.3,23.9,29.2,1.7,13.4,1003.9,
2022-08-06 00:00:00,26.6,24.8,28.4,1.6,13.3,1003.6,
2022-08-07 00:00:00,27.7,24.7,31.4,0.2,15,1002.4,
2022-08-08 00:00:00,28.5,25.9,32.3,0.1,16.6,1002,
2022-08-09 00:00:00,29.1,25.9,32.8,0,19.8,1002.5,
2022-08-10 00:00:00,29,25.2,33.6,0.4,19,1002.6,
2022-08-11 00:00:00,29.4,24.7,34.2,0,14.9,1004.2,
2022-08-12 00:00:00,29.8,25.9,33.8,0,15,1005.5,
2022-08-13 00:00:00,30,25.5,34.7,0,15,1005.6,
2022-08-14 00:00:00,29.3,25.7,34.4,0.2,12.7,1006.4,
2022-08-15 00:00:00,29.5,25.6,34.6,0,8.2,1007.4,
2022-08-16 00:00:00,28.5,24.2,34.8,2.4,6.6,1007.8,
2022-08-17 00:00:00,28.7,24.2,34.2,1.6,5.2,1007.8,
2022-08-18 00:00:00,29.2,24.7,35.1,7.1,7.7,1006.7,
2022-08-19 00:00:00,29.5,24.1,34.7,0.2,10.7,1006.4,
2022-08-20 00:00:00,30.2,26,35.2,0,11.1,1006.1,
2022-08-21 00:00:00,29,24.2,35.2,3.5,9.7,1005.8,
2022-08-22 00:00:00,28.6,23.8,35.6,23.7,11.5,1005.3,
2022-08-23 00:00:00,28.9,25.3,35.3,9.1,12.2,1005.7,
2022-08-24 00:00:00,26.7,23.7,33.6,17,11.3,1007.7,
2022-08-25 00:00:00,26.9,23.8,33.3,11.3,10.5,1006.6,
2022-08-26 00:00:00,26.6,23.3,32.1,9.1,8.9,1006.2,
2022-08-27 00:00:00,26.2,23.2,31.4,11.5,8.4,1006.1,
2022-08-28 00:00:00,26.3,23.4,32.5,7.6,7.9,1005.9,
2022-08-29 00:00:00,25.8,23.1,31,27.6,5.9,1007,
2022-08-30 00:00:00,26.3,22.3,31.2,7.3,5.9,1007.6,
2022-08-31 00:00:00,25.4,23.2,29.8,1.4,4.6,1007.3,
2022-09-01 00:00:00,24.8,22.4,30,5.4,4.3,1007.5,
2022-09-02 00:00:00,26.2,22.7,30.5,2.6,6.1,1007.8,
2022-09-03 00:00:00,27.1,22.9,32,2,5.7,1007.4,
2022-09-04 00:00:00,26.9,23.3,32.3,13.3,5.4,1007,
2022-09-05 00:00:00,27.1,23.1,32.4,24.6,6.3,1006.7,
2022-09-06 00:00:00,26.5,23.2,31.9,11.2,5.4,1006.3,
2022-09-07 00:00:00,26.3,23.3,31.3,14.6,6.9,1006.2,
2022-09-08 00:00:00,25.8,23.9,29.3,6.6,7.7,1006.1,
2022-09-09 00:00:00,26.6,23.8,31.8,6.9,8.5,1005.3,
2022-09-10 00:00:00,28.9,25.2,32.2,7.6,11.6,1005.3,
2022-09-11 00:00:00,27.8,25.3,31.2,0,12,1004.9,
2022-09-12 00:00:00,28.3,24.3,33,0,11.1,1005,
2022-09-13 00:00:00,28.1,23.4,33.2,0.3,8.3,1007.4,
2022-09-14 00:00:00,28,23.5,34,0.3,6,1009.4,
2022-09-15 00:00:00,27.9,23.9,32.7,0,6.9,1009.9,
2022-09-16 00:00:00,28.7,25,34.2,0,9.6,1007.7,
2022-09-17 00:00:00,28.8,24,34.2,2.7,6.6,1007.5,
2022-09-18 00:00:00,29,24.5,34.2,0,8.6,1007.8,
2022-09-19 00:00:00,28.8,25.6,33.8,0.1,10.2,1007.8,
2022-09-20 00:00:00,28.6,23.9,34.2,0,10.6,1007.2,
2022-09-21 00:00:00,29,24.7,34.1,0,11,1007.1,
2022-09-22 00:00:00,29.3,24.7,35,0,11,1007.4,
2022-09-23 00:00:00,28.9,23.7,34.9,0,9.5,1008.2,
2022-09-24 00:00:00,29.3,25.2,34.3,0.8,10.8,1007.7,
2022-09-25 00:00:00,28.1,24,33.7,2.2,7.1,1007.1,
2022-09-26 00:00:00,26.4,23.5,32.6,11.5,5.8,1008.2,
2022-09-27 00:00:00,27.6,23.3,33,8.6,6.1,1006.9,
2022-09-28 00:00:00,27,23.8,33,7.1,6.3,1006,
2022-09-29 00:00:00,26.7,23.4,32.3,9.6,7.1,1005.8,
2022-09-30 00:00:00,25.9,23.8,30,18.7,8.7,1006.7,
2022-10-01 00:00:00,26.3,23.9,29.6,6.6,14,1006.6,
2022-10-02 00:00:00,28,25.3,31.9,0,13.2,1005.9,
2022-10-03 00:00:00,28.3,25.1,32.6,0,12.7,1005.6,
2022-10-04 00:00:00,28.2,24.7,32.7,0,10.8,1005.7,
2022-10-05 00:00:00,27.3,24.7,31.8,2.3,8.2,1006,
2022-10-06 00:00:00,25.7,23.5,30.8,4,6.2,1006.2,
2022-10-07 00:00:00,26.4,22.7,31.4,1.7,4.6,1007.4,
2022-10-08 00:00:00,25.5,23.5,30.8,15.9,5,1008.6,
2022-10-09 00:00:00,24.9,22.7,29.8,2.9,4.5,1008.9,
2022-10-10 00:00:00,25.1,22.7,28.9,11.4,4.9,1010.1,
2022-10-11 00:00:00,25.5,21.8,30,3.3,6.9,1009.9,
2022-10-12 00:00:00,25.6,22.4,30.6,8.5,5.5,1010.2,
2022-10-13 00:00:00,25.5,22,31.4,4.4,5.7,1009.9,
2022-10-14 00:00:00,25.5,21.8,32,16.2,5.5,1009,
2022-10-15 00:00:00,25.2,21.9,32.8,36.3,5.3,1008,
2022-10-16 00:00:00,25.2,21.6,30.3,15.3,5,1010.1,
2022-10-17 00:00:00,25.4,22.6,31.4,0.8,4.5,1011.7,
2022-10-18 00:00:00,25.6,22.1,30.8,8.3,5.4,1010.9,
2022-10-19 00:00:00,25.5,22.2,31,8.6,6.7,1010.4,
2022-10-20 00:00:00,25,21.6,30.2,4.4,7,1011,
2022-10-21 00:00:00,24.9,22.3,30.4,6.2,5.8,1012.3,
2022-10-22 00:00:00,25.1,21.9,29.6,2.7,7.7,1012.6,
2022-10-23 00:00:00,25.8,21.6,31,0,8.8,1011.2,
2022-10-24 00:00:00,24.5,19.8,30.7,0,9.2,1010,
2022-10-25 00:00:00,24.3,18.5,31.2,0,6.9,1010.8,
2022-10-26 00:00:00,24.1,18.7,31,0,5.1,1012.5,
2022-10-27 00:00:00,23.8,18.1,30.6,0.3,7.9,1012.2,
2022-10-28 00:00:00,25.1,22,30.6,3.3,9.2,1011.2,
2022-10-29 00:00:00,26.3,22.6,31.7,1.3,7.7,1011.1,
2022-10-30 00:00:00,28.7,23.1,31.6,0,7.3,1011.2,
2022-10-31 00:00:00,27.3,22.3,31.6,7.1,9.2,1011,
2022-11-01 00:00:00,24.4,23.1,29.6,0,6.5,1011.8,
2022-11-02 00:00:00,23.9,22.1,25.3,11.9,6.5,1011.6,
2022-11-03 00:00:00,26.8,22.2,28.4,15,5.3,1011.2,
2022-11-04 00:00:00,27.9,22,29.8,10.9,6.1,1012.4,
2022-11-05 00:00:00,26.8,23.8,30,0,5,1014,
2022-11-06 00:00:00,27.8,22.3,30.5,4.1,7.8,1014.1,
2022-11-07 00:00:00,27.8,21.5,31,0,6.4,1013.6,
2022-11-08 00:00:00,28.1,22.3,30.7,2.5,6.9,1013.1,
2022-11-09 00:00:00,27.6,21.4,30.3,0,7.7,1012.6,
2022-11-10 00:00:00,26.8,21.6,30.8,1,8.4,1012.2,
2022-11-11 00:00:00,23.5,22.4,30.5,7.1,11.4,1011.5,
2022-11-12 00:00:00,24.7,21.8,25.4,15,9.5,1011.6,
2022-11-13 00:00:00,24.7,22,26.1,17,6.8,1012.7,
2022-11-14 00:00:00,26.4,21.2,29.2,1,6.9,1013.3,
2022-11-15 00:00:00,27.1,21.4,30,5.1,5.9,1013.3,
2022-11-16 00:00:00,27,21.6,29.5,0,5.7,1012.1,
2022-11-17 00:00:00,26.7,20.2,29.3,0,6.8,1011.8,
2022-11-18 00:00:00,26.6,18.5,30.2,0,8.6,1011.9,
2022-11-19 00:00:00,26.2,18.5,30.4,0,8.3,1011.7,
2022-11-20 00:00:00,25.8,18.7,29.7,0,7.8,1010.2,
2022-11-21 00:00:00,25.3,20,30.2,15,10.5,1009.9,
2022-11-22 00:00:00,23.2,20.8,28.4,28.9,10.6,1009.5,
2022-11-23 00:00:00,25,22.7,29.1,7.1,7.6,1010.1,
2022-11-24 00:00:00,27.3,23.2,29,8.9,4.1,1011.3,
2022-11-25 00:00:00,27.4,22.8,29.4,0,4.7,1012.4,
2022-11-26 00:00:00,24.3,20.7,30.2,1.8,4.6,1011.5,
2022-11-27 00:00:00,28.6,23.1,30.5,0.2,4.9,1009.8,
2022-11-28 00:00:00,28.2,23.3,30.6,0,4.6,1010.3,
2022-11-29 00:00:00,27.8,22.6,30.4,0,5.8,1011.5,
2022-11-30 00:00:00,27.1,19.6,30.2,0,5.7,1012.3,
2022-12-01 00:00:00,25.5,22,29.9,2,5.2,1012,
2022-12-02 00:00:00,27.6,22.4,30.2,4.1,5.8,1011.2,
2022-12-03 00:00:00,28.6,22.3,30.6,0.3,7.1,1011.6,
2022-12-04 00:00:00,27.5,23.6,31.3,0,7.2,1012.4,
2022-12-05 00:00:00,24.6,21,29.8,0,7.2,1012.8,
2022-12-06 00:00:00,26.8,22.8,30,0,6.5,1011.9,
2022-12-07 00:00:00,26.3,21.1,29.3,0,7.5,1010.6,
2022-12-08 00:00:00,23.7,20.1,29.1,10.1,12,1009.2,
2022-12-09 00:00:00,21.2,17.5,25.3,0.5,19.2,1005.8,
2022-12-10 00:00:00,21.7,19.7,22.1,37.1,19.5,1002.9,
2022-12-11 00:00:00,24.2,21.1,27.2,35.1,6.3,1008.9,
2022-12-12 00:00:00,23.8,22.3,25.7,4.1,6.7,1010.3,
2022-12-13 00:00:00,24.8,22.2,26,14,6.3,1011.9,
2022-12-14 00:00:00,26.3,21.9,29,2,5.6,1012.6,
2022-12-15 00:00:00,25.8,21.3,29,1,5.3,1012.4,
2022-12-16 00:00:00,26.5,18.4,29.1,0,6,1011.4,
2022-12-17 00:00:00,26.9,19.2,30.5,0.1,7.3,1011.9,
2022-12-18 00:00:00,26.4,21.8,30.5,1.2,8.5,1011.6,
2022-12-19 00:00:00,26.4,20,29,0,8.2,1011.1,
2022-12-20 00:00:00,22.8,18.5,29.8,0,8.3,1010.5,
2022-12-21 00:00:00,25.3,20.2,30.7,0,8.6,1011,
2022-12-22 00:00:00,22.5,16.6,29.6,0,8.6,1010.7,
2022-12-23 00:00:00,22.9,18,30.4,0,9.5,1010.7,
2022-12-24 00:00:00,26.4,17.8,31.3,0.4,10.8,1011.2,
2022-12-25 00:00:00,24.8,22.2,29.9,3,8.6,1012,
2022-12-26 00:00:00,26.6,23.1,27.6,17,7.8,1013.7,
2022-12-27 00:00:00,26.8,22.4,28.8,3,5.7,1014.9,
2022-12-28 00:00:00,27.3,22.2,29.6,0,5.3,1015.8,
2022-12-29 00:00:00,27.8,20.8,30.8,0,5.6,1016.5,
2022-12-30 00:00:00,27.3,20.4,31.4,0,5,1017.5,
2022-12-31 00:00:00,26.9,21.3,31.2,0,4.8,1016.7,
2023-01-01 00:00:00,26.9,19,30.4,0,5.6,1016,
2023-01-02 00:00:00,26.4,19.7,30.7,0,5,1016.2,
2023-01-03 00:00:00,26.8,20.1,29.3,0.3,6,1016.5,
2023-01-04 00:00:00,26.4,20.2,29.6,0.2,6.8,1015.7,
2023-01-05 00:00:00,26.3,20.6,29.7,0.2,8.2,1015.8,
2023-01-06 00:00:00,26.1,20,29.1,0,9.5,1017,
2023-01-07 00:00:00,26.2,19.9,30.2,0,8.1,1016.2,
2023-01-08 00:00:00,26.2,20.1,29.3,0,7.4,1015.2,
2023-01-09 00:00:00,25.4,17.7,29.8,0,6.7,1016.7,
2023-01-10 00:00:00,25.4,16.6,29.3,0,7.5,1016.2,
2023-01-11 00:00:00,25.2,15.8,29.3,0,7.9,1014.2,
2023-01-12 00:00:00,26.1,16.5,30.2,0,7,1013.2,
2023-01-13 00:00:00,24.9,16.8,30.3,0,5.9,1013.7,
2023-01-14 00:00:00,21.5,15.4,29,0,6.6,1013.5,
2023-01-15 00:00:00,24.9,16.2,29.6,0,6.8,1012.8,
2023-01-16 00:00:00,25.6,16.8,29.1,0,7.4,1013.3,
2023-01-17 00:00:00,25.8,17.5,29.7,0,6.8,1014.3,
2023-01-18 00:00:00,25.6,17.9,29.5,0,7.5,1015.6,
2023-01-19 00:00:00,25.5,17.1,29.5,0,8.3,1015.6,
2023-01-20 00:00:00,24.8,18.2,29.6,0,8.2,1015.1,
2023-01-21 00:00:00,23.4,18.5,29.8,0.1,8.7,1014.3,
2023-01-22 00:00:00,23.4,19.1,30.2,4.1,8.7,1013.5,
2023-01-23 00:00:00,26.1,20.2,30.7,0,8.3,1012.9,
2023-01-24 00:00:00,24,19.8,29.8,0,8,1012.8,
2023-01-25 00:00:00,26.4,18.2,30.1,0,8.2,1013,
2023-01-26 00:00:00,26.3,18.4,30.3,0,7.7,1013,
2023-01-27 00:00:00,22.8,17.4,30,0,8.2,1012.9,
2023-01-28 00:00:00,26.5,16.8,30.5,0,9.2,1012.3,
2023-01-29 00:00:00,26.5,17.7,30.2,0,11,1011.3,
2023-01-30 00:00:00,27.2,22.2,30.5,1.4,10.1,1012.1,
2023-01-31 00:00:00,27.3,21.4,29.8,0,11.8,1011.9,
2023-02-01 00:00:00,24.9,20.2,31.2,0,11.8,1011.2,
2023-02-02 00:00:00,27.7,22.3,31.9,0,13,1011.8,
2023-02-03 00:00:00,27.2,22.5,30.5,0,11.3,1012.5,
2023-02-04 00:00:00,24.7,19,31.6,0,9.9,1012,
2023-02-05 00:00:00,27.6,19.7,32,0,8.2,1011.8,
2023-02-06 00:00:00,28.2,18.4,32.2,0,8,1012,
2023-02-07 00:00:00,28.7,19.2,33.3,0,6.5,1011.7,
2023-02-08 00:00:00,28.3,19.9,32.9,0,6.7,1012,
2023-02-09 00:00:00,28.1,19.1,32.9,0,7.9,1012.4,
2023-02-10 00:00:00,24.9,17.5,34,0,8.1,1013.5,
2023-02-11 00:00:00,27.1,17.8,34.3,0,7.9,1013.6,
2023-02-12 00:00:00,24.4,16,33.8,0,8.1,1013.7,
2023-02-13 00:00:00,29.6,17.2,34.3,0,8.3,1013.6,
2023-02-14 00:00:00,28.8,17.1,35.1,0,8.1,1013.5,
2023-02-15 00:00:00,29.4,19.3,34.2,0,8.7,1012.2,
2023-02-16 00:00:00,28.5,18.7,34.1,0,8.9,1012.4,
2023-02-17 00:00:00,28.1,18.1,33,0,7.9,1013,
2023-02-18 00:00:00,27.8,17.9,32.8,0,6.9,1013.3,
2023-02-19 00:00:00,28.9,20.4,33,0,7.3,1013.5,
2023-02-20 00:00:00,25.9,20.9,33.6,0,6.5,1013.6,
2023-02-21 00:00:00,25.6,17,34.2,0,7.5,1013.4,
2023-02-22 00:00:00,29.3,18.9,34.6,0,8.6,1012.8,
2023-02-23 00:00:00,24.8,16.4,33.8,0,8.2,1013,
2023-02-24 00:00:00,29.1,20.3,34.1,0,7,1013.7,
2023-02-25 00:00:00,25.4,17,35.2,0,8.5,1015.1,
2023-02-26 00:00:00,28.8,17.3,35.9,0,9.2,1016.4,
2023-02-27 00:00:00,28.8,18.6,33.9,0,8.3,1016.5,
2023-02-28 00:00:00,29.8,19.6,34.2,0,11,1016.1,
2023-03-01 00:00:00,30.3,23.1,33.5,0,10.3,1016,
2023-03-02 00:00:00,29.8,19.8,34.3,0,9.8,1016.8,
2023-03-03 00:00:00,25.1,16.5,34,0,11,1017.1,
2023-03-04 00:00:00,30.3,16.8,34.4,0,9.6,1016.8,
2023-03-05 00:00:00,30.4,17.5,35.3,0,9.8,1016.2,
2023-03-06 00:00:00,30.2,18.4,35.1,0,9.2,1014.8,
2023-03-07 00:00:00,29.6,18,35.1,0,8.7,1014.1,
2023-03-08 00:00:00,26.2,19.9,34.2,0,9.1,1014.2,
2023-03-09 00:00:00,29.2,20.1,34.4,0,9.3,1013.6,
2023-03-10 00:00:00,26,19,33,0,9.1,1013.1,
2023-03-11 00:00:00,25.7,18.4,33.6,0,9.1,1013.1,
2023-03-12 00:00:00,30.2,21.1,34.2,0,9.5,1012.9,
2023-03-13 00:00:00,27.6,21.4,35.2,0,7.9,1011.8,
2023-03-14 00:00:00,31,20.9,35.7,0,8.5,1010,
2023-03-15 00:00:00,30.3,22.7,35.9,0.5,9.6,1009.7,
2023-03-16 00:00:00,30.7,24.6,34.6,0.5,10.9,1010.5,
2023-03-17 00:00:00,29.7,25.4,33.8,10.4,7.5,1011.1,
2023-03-18 00:00:00,30.7,24.2,34.3,7.7,7.2,1010.2,
2023-03-19 00:00:00,27.9,22.1,35.7,22.1,9.1,1009.6,
2023-03-20 00:00:00,29.6,23.3,32.3,7.1,9.4,1008.6,
2023-03-21 00:00:00,31,22.6,35,2,7.9,1008.3,
2023-03-22 00:00:00,31.3,25.6,35.3,0,8.3,1008.8,
2023-03-23 00:00:00,29.8,26.1,33.9,5.5,11.6,1009.1,
2023-03-24 00:00:00,31.8,23.5,35.4,0.5,9.2,1009.3,
2023-03-25 00:00:00,32.4,26.3,35.9,0,9.2,1010.4,
2023-03-26 00:00:00,32.3,25.6,35.9,0,9.6,1009.7,
2023-03-27 00:00:00,33.3,25.4,37.4,3,7.8,1008.9,
2023-03-28 00:00:00,32.9,26,38,0,9.7,1009.5,
2023-03-29 00:00:00,33.2,25.9,36.7,0,10.6,1010.6,
2023-03-30 00:00:00,31.9,25.7,37.2,0,9.7,1009.8,
2023-03-31 00:00:00,29.1,24.4,37.4,0,10.4,1008.7,
2023-04-01 00:00:00,32.1,26.6,38,2.2,10.8,1009.1,
2023-04-02 00:00:00,30.5,25.8,36.3,0,9.1,1008.6,
2023-04-03 00:00:00,32.2,25.1,36,14,9.9,1008.4,
2023-04-04 00:00:00,33.6,26.7,37,0,10.7,1009.6,
2023-04-05 00:00:00,33.7,25.7,37.2,0,9.1,1009,
2023-04-06 00:00:00,33.3,25.8,37.5,0,10.6,1009.8,
2023-04-07 00:00:00,32.2,24.9,37.3,0,9.5,1011.6,
2023-04-08 00:00:00,28,21.6,35.6,0,9.2,1013.2,
2023-04-09 00:00:00,32.3,24.1,36.2,0,7.3,1013.4,
2023-04-10 00:00:00,32.2,25,36,0,6.8,1012.1,
2023-04-11 00:00:00,29.2,23.1,37.2,0,6.6,1011.8,
2023-04-12 00:00:00,29,20.3,37.2,0,7.8,1011.3,
2023-04-13 00:00:00,34.7,22.1,38.9,0,8.4,1010.4,
2023-04-14 00:00:00,29.9,20.5,39.4,0,9.1,1010.2,
2023-04-15 00:00:00,30.3,21.7,38.2,0,9.5,1009.5,
2023-04-16 00:00:00,30.1,21.4,39.4,0,9.2,1008.4,
2023-04-17 00:00:00,29.6,20.9,38,0,10.1,1008.8,
2023-04-18 00:00:00,29.9,20.8,38.9,0,10.1,1009.7,
2023-04-19 00:00:00,30.1,21.9,38.1,0,9.4,1007.8,
2023-04-20 00:00:00,31.2,24.3,39,0,11.4,1005.3,
2023-04-21 00:00:00,31.7,25.5,39.3,0,10.8,1005.3,
2023-04-22 00:00:00,30.8,25.9,38,0,8.7,1006.1,
2023-04-23 00:00:00,30.1,25.2,38.3,2.4,10.5,1006.6,
2023-04-24 00:00:00,31.6,22.7,37.8,17,11.8,1008.3,
2023-04-25 00:00:00,29.5,25.1,35.5,0.2,11.2,1009.4,
2023-04-26 00:00:00,29.4,24.2,37,0.4,8.4,1009,
2023-04-27 00:00:00,33.6,25.8,37.9,0,9.2,1009,
2023-04-28 00:00:00,30.2,25.4,37,0.3,10.5,1009.3,
2023-04-29 00:00:00,29.7,26.1,37.2,4.7,9.1,1009.1,
2023-04-30 00:00:00,31.2,25.1,36,1.1,8.7,1007.6,
2023-05-01 00:00:00,30.2,26.3,34.8,22.8,8.7,1007.7,
2023-05-02 00:00:00,29.7,24.7,37.1,2,7.6,1008.7,
2023-05-03 00:00:00,31.7,24.4,34.9,0,6.4,1009,
2023-05-04 00:00:00,31.4,23.8,36,8.9,6.1,1008.5,
2023-05-05 00:00:00,29.8,23.7,35.6,0,8,1007.5,
2023-05-06 00:00:00,26.9,23.5,34.7,8.8,8.9,1007.3,
2023-05-07 00:00:00,30.8,24.2,34.4,4.1,11,1006.9,
2023-05-08 00:00:00,31.8,23.1,36.1,41.9,8.8,1006.2,
2023-05-09 00:00:00,33.8,25.4,37,0,10.2,1006.6,
2023-05-10 00:00:00,33.8,27,37.6,0,10.4,1006.1,
2023-05-11 00:00:00,33.6,26.2,37.7,0,8.8,1006.5,
2023-05-12 00:00:00,32.5,25.9,39.7,0,11.8,1006.2,
2023-05-13 00:00:00,33.9,28.1,39.5,0,18.4,1006.3,
2023-05-14 00:00:00,33.3,27.6,41.1,0,17.6,1004.9,
2023-05-15 00:00:00,36.9,28.7,41.5,0,13.2,1005.6,
2023-05-16 00:00:00,35.8,26.1,42.3,11.9,9.1,1007.1,
2023-05-17 00:00:00,36.2,27,42.2,0,9.5,1007.9,
2023-05-18 00:00:00,34.3,28.7,41.6,0,10.1,1009.1,
2023-05-19 00:00:00,35.3,26.1,41.8,0.3,9.1,1007.9,
2023-05-20 00:00:00,36.2,27.7,40.4,0,11.1,1007.2,
2023-05-21 00:00:00,33,27.4,40.7,0.2,10.1,1008.5,
2023-05-22 00:00:00,34.3,27,38.2,0,7.3,1009.5,
2023-05-23 00:00:00,35.2,26.6,38.6,0,8.3,1009.6,
2023-05-24 00:00:00,34.9,27.3,39.1,18.8,11.9,1008.9,
2023-05-25 00:00:00,31.4,25.5,39.4,17.5,12.9,1009.6,
2023-05-26 00:00:00,32.1,27.5,40.2,0.4,14.7,1009.2,
2023-05-27 00:00:00,32.5,27.5,38.7,0.3,12.9,1008,
2023-05-28 00:00:00,32.3,28.5,39.7,1.9,12.4,1006.9,
2023-05-29 00:00:00,32.9,27.2,39.2,0,11.1,1007.2,
2023-05-30 00:00:00,30.9,26.8,37.6,0.8,8.2,1008.5,
2023-05-31 00:00:00,30.8,24.6,37.1,0,7.4,1007.6,
2023-06-01 00:00:00,31.9,26.7,38.9,2.8,11.7,1006.7,
2023-06-02 00:00:00,32,27.9,39.5,0.4,16.5,1006.6,
2023-06-03 00:00:00,33.1,27.7,40.4,0,16.2,1005.9,
2023-06-04 00:00:00,33.2,28.6,38.7,0.1,15.7,1006.2,
2023-06-05 00:00:00,31.3,27.9,38.7,0.8,14.8,1006.1,
2023-06-06 00:00:00,36.3,27,40.4,0,14,1005.1,
2023-06-07 00:00:00,35.1,29,42,0.2,13.7,1005.6,
2023-06-08 00:00:00,31.7,27.5,40.2,1.7,14.4,1005.5,
2023-06-09 00:00:00,32.6,25.2,41.8,2,15.3,1004.9,
2023-06-10 00:00:00,34.6,24.6,40.3,55.1,17,1003.9,
2023-06-11 00:00:00,34.9,26.8,38.9,0,16.4,1004.3,
2023-06-12 00:00:00,35.8,28.6,39.3,0.3,14.3,1004.6,
2023-06-13 00:00:00,33.8,25.7,40.3,4.1,15.1,1005,
2023-06-14 00:00:00,34.8,26.2,39.1,0.5,18.3,1006.2,
2023-06-15 00:00:00,32.9,27.7,40,0,16.2,1006,
2023-06-16 00:00:00,36.3,28.6,41,0,15.3,1005.1,
2023-06-17 00:00:00,33.7,27.7,40.8,2,15.1,1005.6,
2023-06-18 00:00:00,29.8,27.7,37.2,0,14.4,1006.3,
2023-06-19 00:00:00,26.6,24.9,31.8,8.9,14.1,1005.4,
2023-06-20 00:00:00,27.4,24.6,32.7,24.9,14,1004.7,
2023-06-21 00:00:00,29.1,23.4,32.1,34,10.2,1005.6,
2023-06-22 00:00:00,28.8,24.8,34,1,10.7,1005.9,
2023-06-23 00:00:00,30.5,24.1,33.9,19.1,10.9,1006,
2023-06-24 00:00:00,31.7,26.2,33.9,0.5,12.1,1005.3,
2023-06-25 00:00:00,29.3,25.4,33.8,0.5,12.3,1005.4,
2023-06-26 00:00:00,31.5,26.7,35.3,0,12.1,1005.9,
2023-06-27 00:00:00,32.2,25.8,35,0,13.4,1006.3,
2023-06-28 00:00:00,29.7,25.8,36.6,3.7,13.8,1007,
2023-06-29 00:00:00,34.3,26.8,37.6,5.2,11.8,1007.6,
2023-06-30 00:00:00,34.8,26.8,38.6,0,13.7,1007.1,
2023-07-01 00:00:00,30.5,25,36.6,17.6,14.1,1007.2,
2023-07-02 00:00:00,29,25.3,33.8,8.7,14.5,1006.9,
2023-07-03 00:00:00,31.5,26.1,36.6,0.8,14.8,1005.5,
2023-07-04 00:00:00,32.4,26.5,37.1,0,16.5,1003.5,
2023-07-05 00:00:00,31.7,26.5,35.7,0,17.2,1002.7,
2023-07-06 00:00:00,32.2,27.4,35.2,1.1,16.8,1005.4,
2023-07-07 00:00:00,32.2,27.1,35.2,0,15.6,1007.2,
2023-07-08 00:00:00,28.7,25.3,34.8,11.6,12.6,1008.4,
2023-07-09 00:00:00,32.7,26.5,36.6,1,13.8,1007.5,
2023-07-10 00:00:00,30.7,26.1,37.8,0.8,9.6,1007.2,
2023-07-11 00:00:00,31.2,24.1,34.8,1,11.3,1006.7,
2023-07-12 00:00:00,29.1,25.4,34.3,0.5,10.7,1006.7,
2023-07-13 00:00:00,28.4,23.7,33.8,3,11.5,1006.7,
2023-07-14 00:00:00,30.9,24.8,34.1,31,13.9,1007.3,
2023-07-15 00:00:00,33.1,25.7,35.8,0,13.2,1007,
2023-07-16 00:00:00,30.9,27,37.1,0.3,12.9,1006.6,
2023-07-17 00:00:00,30.6,26.2,36.3,0.3,15.7,1005.8,
2023-07-18 00:00:00,31.1,26.9,36.3,0,18.1,1004.9,
2023-07-19 00:00:00,30.9,27,37.2,0,19.4,1003.8,
2023-07-20 00:00:00,33.2,26.6,36.4,0.5,20.4,1003.6,
2023-07-21 00:00:00,33.4,27.6,36.8,0,20.2,1004.7,
2023-07-22 00:00:00,31.2,27.5,36.6,3.9,18.2,1006.5,
2023-07-23 00:00:00,29.2,25.7,33.7,0.5,15.4,1006.9,
2023-07-24 00:00:00,28.3,24.8,32.4,3,17.2,1006.3,
2023-07-25 00:00:00,28.4,24,31.6,6.1,17.2,1006.4,
2023-07-26 00:00:00,28.3,23.8,31.2,5.1,19.2,1007.3,
2023-07-27 00:00:00,30.3,23.8,32.4,1,18.2,1007.3,
2023-07-28 00:00:00,32.3,25,35.6,0,18.5,1006.8,
2023-07-29 00:00:00,32.6,25.5,35.9,0.2,18.5,1006.7,
2023-07-30 00:00:00,30.7,26.2,37,0,17.7,1006.4,
2023-07-31 00:00:00,30.7,26.3,37.4,0.6,15.9,1006.2,
2023-08-01 00:00:00,33.1,27,38,0,18.5,1006.2,
2023-08-02 00:00:00,33.3,26.1,36.8,0,18.3,1007.1,
2023-08-03 00:00:00,34.1,26.7,36.9,0.1,17.3,1006.7,
2023-08-04 00:00:00,33.6,26.2,38.3,0,15.2,1008.8,
2023-08-05 00:00:00,30.8,24,37.2,3.5,13.8,1009.7,
2023-08-06 00:00:00,34.8,26.8,38.3,1.8,10,1008.9,
2023-08-07 00:00:00,34.7,27.5,38.6,0.4,12.3,1006.8,
2023-08-08 00:00:00,33.5,27.4,39.2,0,9.6,1007.3,
2023-08-09 00:00:00,33.3,26.3,37.8,0.2,9.5,1009.1,
2023-08-10 00:00:00,28.3,24.4,35.9,12.7,12.4,1010,
2023-08-11 00:00:00,30.9,24.6,36.3,1,9.3,1008.8,
2023-08-12 00:00:00,28.9,25.5,34.6,0,10.6,1008.2,
2023-08-13 00:00:00,32.4,24.2,36.7,10.9,9.3,1007.5,
2023-08-14 00:00:00,31.6,25.6,36.3,0,9.5,1008.1,
2023-08-15 00:00:00,32.7,24.5,36.6,1,9.1,1008.2,
2023-08-16 00:00:00,33.7,26.3,37.5,0,10.3,1008.2,
2023-08-17 00:00:00,30.3,24.8,38,9.7,12.3,1007.9,
2023-08-18 00:00:00,33.1,27.2,38.6,0.8,14.2,1006.3,
2023-08-19 00:00:00,30.4,26.3,37.4,1.4,15.9,1006.1,
2023-08-20 00:00:00,33.3,26.4,37.7,0,12.4,1006.1,
2023-08-21 00:00:00,30.8,26.7,37.4,0.5,10.1,1006,
2023-08-22 00:00:00,31.2,27.6,37.9,10.7,9,1006.5,
2023-08-23 00:00:00,29.3,24.3,35.6,1.3,10,1006.7,
2023-08-24 00:00:00,33.3,26.6,38.3,0,10,1006.2,
2023-08-25 00:00:00,30.7,25,38.4,0,11.4,1006.4,
2023-08-26 00:00:00,34.4,26.5,38.9,1.2,11,1007.6,
2023-08-27 00:00:00,26.8,24.2,38.7,32,8.9,1008.8,
2023-08-28 00:00:00,32.1,25.5,36.2,4.1,10.4,1007.7,
2023-08-29 00:00:00,32.6,26.3,35.6,0,11.2,1007.1,
2023-08-30 00:00:00,31.5,25.5,35.6,12.4,11.3,1007.6,
2023-08-31 00:00:00,30.3,25.2,36.7,19.3,9.4,1007.8,
2023-09-01 00:00:00,31.7,24.9,36.3,0,9.5,1007.7,
2023-09-02 00:00:00,30.3,24.2,36.1,43.1,11.4,1007.3,
2023-09-03 00:00:00,30.8,24.6,37.1,26.9,10.4,1005.6,
2023-09-04 00:00:00,28.8,25.9,34.1,0,15.4,1004.2,
2023-09-05 00:00:00,28.8,24.6,31.4,4.1,15.4,1004.4,
2023-09-06 00:00:00,31.5,25.6,34,0.3,15.3,1005.3,
2023-09-07 00:00:00,30.9,24.1,34.5,6.1,13.5,1006.1,
2023-09-08 00:00:00,31.8,24.8,34.2,3,13.3,1006.9,
2023-09-09 00:00:00,33.6,26.5,36.4,0,12.7,1006.3,
2023-09-10 00:00:00,32.3,27,37,4.1,13.9,1005.8,
2023-09-11 00:00:00,32.2,26.5,35.1,3,13.6,1006,
2023-09-12 00:00:00,29.9,25,36.8,2.4,14.9,1006.5,
2023-09-13 00:00:00,33.2,26.3,37,2.6,11.1,1006.6,
2023-09-14 00:00:00,32.7,26.8,36.5,9.1,12.4,1006.8,
2023-09-15 00:00:00,32.9,25.8,36.9,4.1,13.5,1007.1,
2023-09-16 00:00:00,33.3,27.6,36.1,0,11.1,1007.4,
2023-09-17 00:00:00,30.3,23.8,36.6,29,10.9,1007.2,
2023-09-18 00:00:00,30.3,23.6,34.8,8.9,10.7,1007.3,
2023-09-19 00:00:00,31.4,23.5,34.4,21.1,9.9,1008.2,
2023-09-20 00:00:00,30.1,25.1,34.3,0,10.3,1008.3,
2023-09-21 00:00:00,28.7,24.7,34.3,8.9,8.6,1008.7,
2023-09-22 00:00:00,30.8,25.2,33.8,0,7.9,1008.7,
2023-09-23 00:00:00,30.3,25.4,34.8,0,7.3,1008.8,
2023-09-24 00:00:00,31.1,22.5,36,53.1,11.3,1008.5,
2023-09-25 00:00:00,29.2,22.6,33.8,42.9,11.1,1007.5,
2023-09-26 00:00:00,30.7,24.6,34,7.9,9.8,1007.3,
2023-09-27 00:00:00,28.5,24.4,34.2,11.9,9.4,1007.3,
2023-09-28 00:00:00,27.2,24,32.6,7.5,11.8,1007,
2023-09-29 00:00:00,27.6,24.7,34,8.2,12.5,1007.2,
2023-09-30 00:00:00,27.6,24.2,33.6,2.7,10,1008,
2023-10-01 00:00:00,30.4,24.8,34.8,20.1,13.1,1007.2,
2023-10-02 00:00:00,31.8,25.2,33.8,0,13.2,1007.7,
2023-10-03 00:00:00,28.9,24.7,34.6,0,10.3,1008.4,
2023-10-04 00:00:00,28.5,23.9,34,0.2,8.9,1009,
2023-10-05 00:00:00,30.5,25.2,34.9,13,7.8,1008.7,
2023-10-06 00:00:00,30.6,25.7,34.2,0,7.5,1007.9,
2023-10-07 00:00:00,28.8,24.7,34.8,1.8,10.1,1008.3,
2023-10-08 00:00:00,28.4,23.9,33.3,0.4,7.4,1010.1,
2023-10-09 00:00:00,30.8,25.3,33.6,2,7.7,1011.6,
2023-10-10 00:00:00,31.7,25.3,34,0,7.4,1010.9,
2023-10-11 00:00:00,30.6,23.1,34.8,43.9,7.7,1010.9,
2023-10-12 00:00:00,29.9,25.5,33.2,0,6.7,1012,
2023-10-13 00:00:00,26.2,22.1,31.8,1.7,5.8,1013.1,
2023-10-14 00:00:00,26.9,22.4,32,0.2,5.2,1012.6,
2023-10-15 00:00:00,26.8,23.6,32.4,3.3,4.7,1011.2,
2023-10-16 00:00:00,26.9,23,31.2,0.2,6.8,1011.3,
2023-10-17 00:00:00,27,22.8,32.4,0.6,7,1012.1,
2023-10-18 00:00:00,26.6,22,33,0.2,7.6,1012.7,
2023-10-19 00:00:00,26.5,21.2,32.8,0,7.2,1012.8,
2023-10-20 00:00:00,26.7,20.7,32.6,0,6.9,1012.6,
2023-10-21 00:00:00,26.9,21.9,32.6,0.3,7.8,1012.8,
2023-10-22 00:00:00,29.7,23.5,33.2,3,7.4,1012.5,
2023-10-23 00:00:00,30.6,23.5,34.1,0,7.4,1011.7,
2023-10-24 00:00:00,26.9,20.9,33.8,0,6.7,1011.7,
2023-10-25 00:00:00,27.3,21.4,33.8,0,6.7,1012.9,
2023-10-26 00:00:00,27.1,20.9,33.8,0,7,1012.9,
2023-10-27 00:00:00,26.8,21.9,33,2.1,7.6,1012.2,
2023-10-28 00:00:00,26.7,21.9,32.8,8.1,7,1012,
2023-10-29 00:00:00,29.2,24.7,33.2,5.1,6.8,1012.2,
2023-10-30 00:00:00,27.2,23.4,31.2,7.1,6.5,1012.3,
2023-10-31 00:00:00,27.5,22.3,31.2,5.1,8.3,1012.6,
2023-11-01 00:00:00,29.3,23.7,31.7,0.5,8.3,1012.7,
2023-11-02 00:00:00,29.4,23.8,31.8,0,8,1011.8,
2023-11-03 00:00:00,25.8,23,30.8,5.4,7.5,1010.6,
2023-11-04 00:00:00,27.9,24.4,32.2,14,6.5,1010.6,
2023-11-05 00:00:00,28.3,23.5,31.1,39.9,4.8,1011.9,
2023-11-06 00:00:00,28.4,24.3,31.2,0,6.1,1013.1,
2023-11-07 00:00:00,25.3,22.3,31,11.8,7.1,1013,
2023-11-08 00:00:00,28.3,24.1,31.5,3,6.2,1012.9,
2023-11-09 00:00:00,28.8,24.4,31.3,0,6.6,1013.4,
2023-11-10 00:00:00,28.2,24.6,31.1,1,7.7,1014.4,
2023-11-11 00:00:00,28.5,22.4,31.2,0,9.7,1014.7,
2023-11-12 00:00:00,24.5,20.8,30.2,0,9.8,1014.5,
2023-11-13 00:00:00,25.2,20.7,31.2,0.2,11.8,1013.6,
2023-11-14 00:00:00,23.9,21.1,31.2,2,9.5,1013.6,
2023-11-15 00:00:00,26.3,21.7,28,3,10.6,1012.7,
2023-11-16 00:00:00,28.8,21.4,31.2,0,8.3,1012.6,
2023-11-17 00:00:00,25.2,21,31,1.1,7.5,1013,
2023-11-18 00:00:00,25.8,21.6,31.8,0,9.7,1012.7,
2023-11-19 00:00:00,25.3,21.5,31.2,0,9.4,1013.2,
2023-11-20 00:00:00,24.4,20.8,28.8,0,10.1,1012.8,
2023-11-21 00:00:00,25.1,22.3,30.6,14.6,9.1,1011.8,
2023-11-22 00:00:00,26.2,24.3,31.3,9.9,7.5,1011.7,
2023-11-23 00:00:00,27.1,23.4,29.2,7.9,5.4,1011.2,
2023-11-24 00:00:00,26.3,23.5,29.2,0,7.8,1011.7,
2023-11-25 00:00:00,27.2,23.6,29.4,20.1,8.7,1013,
2023-11-26 00:00:00,27.3,22.4,29.4,3,9,1013.8,
2023-11-27 00:00:00,26.6,22.5,29.8,21.1,8.4,1012.4,
2023-11-28 00:00:00,24.5,22.3,29.4,7.4,8.2,1011.8,
2023-11-29 00:00:00,26.1,23.1,30.6,9.9,8.5,1012,
2023-11-30 00:00:00,26.8,22.1,29.3,4.1,8.4,1012.6,
2023-12-01 00:00:00,26.8,22.7,28.8,4.1,9.7,1011.5,
2023-12-02 00:00:00,23.9,21,27.8,13.3,13.9,1009.9,
2023-12-03 00:00:00,24.4,22.3,27.6,48,15.4,1008.6,
2023-12-04 00:00:00,23.7,22.8,25.5,11.9,22.1,1005.2,
2023-12-05 00:00:00,27.3,21.9,30.5,24.9,13.8,1006.4,
2023-12-06 00:00:00,28.6,22.5,30.8,0,5.8,1009.7,
2023-12-07 00:00:00,24.9,20.9,30.2,2.3,5.6,1011,
2023-12-08 00:00:00,25.2,22.5,29.2,3.3,6.7,1012,
2023-12-09 00:00:00,25.4,22.5,30.2,1,7.4,1013.2,
2023-12-10 00:00:00,25,21.4,29.9,0,8.2,1012.6,
2023-12-11 00:00:00,26.7,21.4,31,0,8,1013.1,
2023-12-12 00:00:00,23.8,19.9,29.2,0,7.3,1012.6,
2023-12-13 00:00:00,22.9,18,29,0,8.5,1013.3,
2023-12-14 00:00:00,23.3,18.8,28.8,0,9.6,1014.4,
2023-12-15 00:00:00,23,20.1,26.3,6.7,10.2,1014.7,
2023-12-16 00:00:00,25.6,22.3,26.9,4.1,10.9,1013.7,
2023-12-17 00:00:00,26.1,22.2,27.8,3,12.5,1013.5,
2023-12-18 00:00:00,26,21.8,27.9,0,11,1014.4,
2023-12-19 00:00:00,25.9,20.5,28.1,0,10.1,1015.2,
2023-12-20 00:00:00,23.6,20.6,28.1,0,11.3,1014.9,
2023-12-21 00:00:00,23.1,19.5,27.8,0,8.8,1014.6,
2023-12-22 00:00:00,22.6,18.6,28.6,0,7.5,1014.8,
2023-12-23 00:00:00,21.3,17,26.6,0,7.1,1015.9,
2023-12-24 00:00:00,22.5,17.3,29,0,9.9,1016.7,
2023-12-25 00:00:00,24.4,20.6,28.8,1.6,13.1,1015.8,
2023-12-26 00:00:00,23.1,19.3,28.8,0,11.2,1016.2,
2023-12-27 00:00:00,26.9,22.2,30.7,0.3,10.9,1016.4,
2023-12-28 00:00:00,26.7,21.2,29.1,0,10.9,1015.2,
2023-12-29 00:00:00,24,20.3,29,0.2,10.4,1015.4,
2023-12-30 00:00:00,24,20.1,29.2,0,9.2,1014.8,
2023-12-31 00:00:00,23.2,18.6,28.8,0,8.1,1014.6,
